<?xml version="1.0" encoding="UTF-8"?>
<project-private xmlns="http://www.netbeans.org/ns/project-private/1">
    <editor-bookmarks xmlns="http://www.netbeans.org/ns/editor-bookmarks/2" lastBookmarkId="0"/>
    <open-files xmlns="http://www.netbeans.org/ns/projectui-open-files/2">
        <group>
            <file>file:/home/jithu/NetBeansProjects/HangmanNirmal/src/hangmannirmal/Hangman.java</file>
            <file>file:/home/jithu/NetBeansProjects/HangmanNirmal/src/hangmannirmal/WordProvider.java</file>
            <file>file:/home/jithu/NetBeansProjects/HangmanNirmal/src/hangmannirmal/Main.java</file>
            <file>file:/home/jithu/NetBeansProjects/HangmanNirmal/src/hangmannirmal/WordSelector.java</file>
            <file>file:/home/jithu/NetBeansProjects/HangmanNirmal/src/hangmannirmal/WordSelectorList.java</file>
        </group>
    </open-files>
</project-private>
