<?xml version="1.0" encoding="UTF-8"?>
<project-private xmlns="http://www.netbeans.org/ns/project-private/1">
    <editor-bookmarks xmlns="http://www.netbeans.org/ns/editor-bookmarks/2" lastBookmarkId="0"/>
    <open-files xmlns="http://www.netbeans.org/ns/projectui-open-files/2">
        <group>
            <file>file:/home/jithu/NetBeansProjects/TestProject/src/com/innovature/jdbc/helper/DbHelper.java</file>
            <file>file:/home/jithu/NetBeansProjects/TestProject/src/com/innovature/service/UserServ.java</file>
            <file>file:/home/jithu/NetBeansProjects/TestProject/src/com/innovature/test/Main.java</file>
            <file>file:/home/jithu/NetBeansProjects/TestProject/src/com/innovature/service/impl/UserServImpl.java</file>
            <file>file:/home/jithu/NetBeansProjects/TestProject/src/com/innovature/dao/daoimpl/UserDaoImpl.java</file>
            <file>file:/home/jithu/NetBeansProjects/TestProject/src/com/innovature/entity/User.java</file>
            <file>file:/home/jithu/NetBeansProjects/TestProject/src/com/innovature/dao/userDao.java</file>
        </group>
    </open-files>
</project-private>
